Unnamed: 0,id,date,store_nbr,family,sales,onpromotion,holiday_type,locale,locale_name,description,transferred,dcoilwtico,city,state,store_type,cluster,transactions,year,month,week,quarter,day_of_week
1527174,1507572,2015-04-29,1,AUTOMOTIVE,1.0,0,,,,,,58.55,Quito,Pichincha,D,13,1845.0,2015,4,18,2,Wednesday
1527175,1507573,2015-04-29,1,BABY CARE,0.0,0,,,,,,58.55,Quito,Pichincha,D,13,1845.0,2015,4,18,2,Wednesday
1527176,1507574,2015-04-29,1,BEAUTY,2.0,0,,,,,,58.55,Quito,Pichincha,D,13,1845.0,2015,4,18,2,Wednesday
1527177,1507575,2015-04-29,1,BEVERAGES,930.0,2,,,,,,58.55,Quito,Pichincha,D,13,1845.0,2015,4,18,2,Wednesday
1527178,1507576,2015-04-29,1,BOOKS,0.0,0,,,,,,58.55,Quito,Pichincha,D,13,1845.0,2015,4,18,2,Wednesday
1527179,1507577,2015-04-29,1,BREAD/BAKERY,418.744,2,,,,,,58.55,Quito,Pichincha,D,13,1845.0,2015,4,18,2,Wednesday
1527180,1507578,2015-04-29,1,CELEBRATION,0.0,0,,,,,,58.55,Quito,Pichincha,D,13,1845.0,2015,4,18,2,Wednesday
1527181,1507579,2015-04-29,1,CLEANING,1086.0,3,,,,,,58.55,Quito,Pichincha,D,13,1845.0,2015,4,18,2,Wednesday
1527182,1507580,2015-04-29,1,DAIRY,666.0,1,,,,,,58.55,Quito,Pichincha,D,13,1845.0,2015,4,18,2,Wednesday
1527183,1507581,2015-04-29,1,DELI,148.74,0,,,,,,58.55,Quito,Pichincha,D,13,1845.0,2015,4,18,2,Wednesday
1527184,1507582,2015-04-29,1,EGGS,167.0,0,,,,,,58.55,Quito,Pichincha,D,13,1845.0,2015,4,18,2,Wednesday
1527185,1507583,2015-04-29,1,FROZEN FOODS,126.0,2,,,,,,58.55,Quito,Pichincha,D,13,1845.0,2015,4,18,2,Wednesday
1527186,1507584,2015-04-29,1,GROCERY I,2115.0,13,,,,,,58.55,Quito,Pichincha,D,13,1845.0,2015,4,18,2,Wednesday
1527187,1507585,2015-04-29,1,GROCERY II,42.0,0,,,,,,58.55,Quito,Pichincha,D,13,1845.0,2015,4,18,2,Wednesday
1527188,1507586,2015-04-29,1,HARDWARE,2.0,0,,,,,,58.55,Quito,Pichincha,D,13,1845.0,2015,4,18,2,Wednesday
1527189,1507587,2015-04-29,1,HOME AND KITCHEN I,16.0,0,,,,,,58.55,Quito,Pichincha,D,13,1845.0,2015,4,18,2,Wednesday
1527190,1507588,2015-04-29,1,HOME AND KITCHEN II,5.0,0,,,,,,58.55,Quito,Pichincha,D,13,1845.0,2015,4,18,2,Wednesday
1527191,1507589,2015-04-29,1,HOME APPLIANCES,1.0,0,,,,,,58.55,Quito,Pichincha,D,13,1845.0,2015,4,18,2,Wednesday
1527192,1507590,2015-04-29,1,HOME CARE,0.0,0,,,,,,58.55,Quito,Pichincha,D,13,1845.0,2015,4,18,2,Wednesday
1527193,1507591,2015-04-29,1,LADIESWEAR,0.0,0,,,,,,58.55,Quito,Pichincha,D,13,1845.0,2015,4,18,2,Wednesday
1527194,1507592,2015-04-29,1,LAWN AND GARDEN,11.0,2,,,,,,58.55,Quito,Pichincha,D,13,1845.0,2015,4,18,2,Wednesday
1527195,1507593,2015-04-29,1,LINGERIE,11.0,0,,,,,,58.55,Quito,Pichincha,D,13,1845.0,2015,4,18,2,Wednesday
1527196,1507594,2015-04-29,1,"LIQUOR,WINE,BEER",116.0,0,,,,,,58.55,Quito,Pichincha,D,13,1845.0,2015,4,18,2,Wednesday
1527197,1507595,2015-04-29,1,MAGAZINES,0.0,0,,,,,,58.55,Quito,Pichincha,D,13,1845.0,2015,4,18,2,Wednesday
1527198,1507596,2015-04-29,1,MEATS,585.424,0,,,,,,58.55,Quito,Pichincha,D,13,1845.0,2015,4,18,2,Wednesday
1527199,1507597,2015-04-29,1,PERSONAL CARE,114.0,1,,,,,,58.55,Quito,Pichincha,D,13,1845.0,2015,4,18,2,Wednesday
1527200,1507598,2015-04-29,1,PET SUPPLIES,0.0,0,,,,,,58.55,Quito,Pichincha,D,13,1845.0,2015,4,18,2,Wednesday
1527201,1507599,2015-04-29,1,PLAYERS AND ELECTRONICS,0.0,0,,,,,,58.55,Quito,Pichincha,D,13,1845.0,2015,4,18,2,Wednesday
1527202,1507600,2015-04-29,1,POULTRY,314.036,0,,,,,,58.55,Quito,Pichincha,D,13,1845.0,2015,4,18,2,Wednesday
1527203,1507601,2015-04-29,1,PREPARED FOODS,62.576,0,,,,,,58.55,Quito,Pichincha,D,13,1845.0,2015,4,18,2,Wednesday
1527204,1507602,2015-04-29,1,PRODUCE,5.0,1,,,,,,58.55,Quito,Pichincha,D,13,1845.0,2015,4,18,2,Wednesday
1527205,1507603,2015-04-29,1,SCHOOL AND OFFICE SUPPLIES,0.0,0,,,,,,58.55,Quito,Pichincha,D,13,1845.0,2015,4,18,2,Wednesday
1527206,1507604,2015-04-29,1,SEAFOOD,42.116,1,,,,,,58.55,Quito,Pichincha,D,13,1845.0,2015,4,18,2,Wednesday
1527207,1507605,2015-04-29,10,AUTOMOTIVE,0.0,0,,,,,,58.55,Quito,Pichincha,C,15,834.0,2015,4,18,2,Wednesday
1527208,1507606,2015-04-29,10,BABY CARE,0.0,0,,,,,,58.55,Quito,Pichincha,C,15,834.0,2015,4,18,2,Wednesday
1527209,1507607,2015-04-29,10,BEAUTY,1.0,0,,,,,,58.55,Quito,Pichincha,C,15,834.0,2015,4,18,2,Wednesday
1527210,1507608,2015-04-29,10,BEVERAGES,256.0,0,,,,,,58.55,Quito,Pichincha,C,15,834.0,2015,4,18,2,Wednesday
1527211,1507609,2015-04-29,10,BOOKS,0.0,0,,,,,,58.55,Quito,Pichincha,C,15,834.0,2015,4,18,2,Wednesday
1527212,1507610,2015-04-29,10,BREAD/BAKERY,66.0,0,,,,,,58.55,Quito,Pichincha,C,15,834.0,2015,4,18,2,Wednesday
1527213,1507611,2015-04-29,10,CELEBRATION,0.0,0,,,,,,58.55,Quito,Pichincha,C,15,834.0,2015,4,18,2,Wednesday
1527214,1507612,2015-04-29,10,CLEANING,525.0,1,,,,,,58.55,Quito,Pichincha,C,15,834.0,2015,4,18,2,Wednesday
1527215,1507613,2015-04-29,10,DAIRY,135.0,1,,,,,,58.55,Quito,Pichincha,C,15,834.0,2015,4,18,2,Wednesday
1527216,1507614,2015-04-29,10,DELI,198.0,0,,,,,,58.55,Quito,Pichincha,C,15,834.0,2015,4,18,2,Wednesday
1527217,1507615,2015-04-29,10,EGGS,65.0,0,,,,,,58.55,Quito,Pichincha,C,15,834.0,2015,4,18,2,Wednesday
1527218,1507616,2015-04-29,10,FROZEN FOODS,55.14,0,,,,,,58.55,Quito,Pichincha,C,15,834.0,2015,4,18,2,Wednesday
1527219,1507617,2015-04-29,10,GROCERY I,1881.0,2,,,,,,58.55,Quito,Pichincha,C,15,834.0,2015,4,18,2,Wednesday
1527220,1507618,2015-04-29,10,GROCERY II,0.0,0,,,,,,58.55,Quito,Pichincha,C,15,834.0,2015,4,18,2,Wednesday
1527221,1507619,2015-04-29,10,HARDWARE,0.0,0,,,,,,58.55,Quito,Pichincha,C,15,834.0,2015,4,18,2,Wednesday
1527222,1507620,2015-04-29,10,HOME AND KITCHEN I,19.0,0,,,,,,58.55,Quito,Pichincha,C,15,834.0,2015,4,18,2,Wednesday
1527223,1507621,2015-04-29,10,HOME AND KITCHEN II,7.0,0,,,,,,58.55,Quito,Pichincha,C,15,834.0,2015,4,18,2,Wednesday
1527224,1507622,2015-04-29,10,HOME APPLIANCES,0.0,0,,,,,,58.55,Quito,Pichincha,C,15,834.0,2015,4,18,2,Wednesday
1527225,1507623,2015-04-29,10,HOME CARE,0.0,0,,,,,,58.55,Quito,Pichincha,C,15,834.0,2015,4,18,2,Wednesday
1527226,1507624,2015-04-29,10,LADIESWEAR,0.0,0,,,,,,58.55,Quito,Pichincha,C,15,834.0,2015,4,18,2,Wednesday
1527227,1507625,2015-04-29,10,LAWN AND GARDEN,0.0,0,,,,,,58.55,Quito,Pichincha,C,15,834.0,2015,4,18,2,Wednesday
1527228,1507626,2015-04-29,10,LINGERIE,0.0,0,,,,,,58.55,Quito,Pichincha,C,15,834.0,2015,4,18,2,Wednesday
1527229,1507627,2015-04-29,10,"LIQUOR,WINE,BEER",2.0,0,,,,,,58.55,Quito,Pichincha,C,15,834.0,2015,4,18,2,Wednesday
1527230,1507628,2015-04-29,10,MAGAZINES,0.0,0,,,,,,58.55,Quito,Pichincha,C,15,834.0,2015,4,18,2,Wednesday
1527231,1507629,2015-04-29,10,MEATS,109.585,0,,,,,,58.55,Quito,Pichincha,C,15,834.0,2015,4,18,2,Wednesday
1527232,1507630,2015-04-29,10,PERSONAL CARE,135.0,0,,,,,,58.55,Quito,Pichincha,C,15,834.0,2015,4,18,2,Wednesday
1527233,1507631,2015-04-29,10,PET SUPPLIES,0.0,0,,,,,,58.55,Quito,Pichincha,C,15,834.0,2015,4,18,2,Wednesday
1527234,1507632,2015-04-29,10,PLAYERS AND ELECTRONICS,0.0,0,,,,,,58.55,Quito,Pichincha,C,15,834.0,2015,4,18,2,Wednesday
1527235,1507633,2015-04-29,10,POULTRY,152.143,0,,,,,,58.55,Quito,Pichincha,C,15,834.0,2015,4,18,2,Wednesday
1527236,1507634,2015-04-29,10,PREPARED FOODS,14.0,0,,,,,,58.55,Quito,Pichincha,C,15,834.0,2015,4,18,2,Wednesday
1527237,1507635,2015-04-29,10,PRODUCE,0.0,0,,,,,,58.55,Quito,Pichincha,C,15,834.0,2015,4,18,2,Wednesday
1527238,1507636,2015-04-29,10,SCHOOL AND OFFICE SUPPLIES,0.0,0,,,,,,58.55,Quito,Pichincha,C,15,834.0,2015,4,18,2,Wednesday
1527239,1507637,2015-04-29,10,SEAFOOD,1.0,0,,,,,,58.55,Quito,Pichincha,C,15,834.0,2015,4,18,2,Wednesday
1527240,1507638,2015-04-29,11,AUTOMOTIVE,12.0,0,,,,,,58.55,Cayambe,Pichincha,B,6,1887.0,2015,4,18,2,Wednesday
1527241,1507639,2015-04-29,11,BABY CARE,0.0,0,,,,,,58.55,Cayambe,Pichincha,B,6,1887.0,2015,4,18,2,Wednesday
1527242,1507640,2015-04-29,11,BEAUTY,1.0,0,,,,,,58.55,Cayambe,Pichincha,B,6,1887.0,2015,4,18,2,Wednesday
1527243,1507641,2015-04-29,11,BEVERAGES,3126.0,2,,,,,,58.55,Cayambe,Pichincha,B,6,1887.0,2015,4,18,2,Wednesday
1527244,1507642,2015-04-29,11,BOOKS,0.0,0,,,,,,58.55,Cayambe,Pichincha,B,6,1887.0,2015,4,18,2,Wednesday
1527245,1507643,2015-04-29,11,BREAD/BAKERY,557.0,1,,,,,,58.55,Cayambe,Pichincha,B,6,1887.0,2015,4,18,2,Wednesday
1527246,1507644,2015-04-29,11,CELEBRATION,0.0,0,,,,,,58.55,Cayambe,Pichincha,B,6,1887.0,2015,4,18,2,Wednesday
1527247,1507645,2015-04-29,11,CLEANING,1634.0,3,,,,,,58.55,Cayambe,Pichincha,B,6,1887.0,2015,4,18,2,Wednesday
1527248,1507646,2015-04-29,11,DAIRY,354.0,3,,,,,,58.55,Cayambe,Pichincha,B,6,1887.0,2015,4,18,2,Wednesday
1527249,1507647,2015-04-29,11,DELI,435.398,0,,,,,,58.55,Cayambe,Pichincha,B,6,1887.0,2015,4,18,2,Wednesday
1527250,1507648,2015-04-29,11,EGGS,92.0,0,,,,,,58.55,Cayambe,Pichincha,B,6,1887.0,2015,4,18,2,Wednesday
1527251,1507649,2015-04-29,11,FROZEN FOODS,90.0,0,,,,,,58.55,Cayambe,Pichincha,B,6,1887.0,2015,4,18,2,Wednesday
1527252,1507650,2015-04-29,11,GROCERY I,4209.214,16,,,,,,58.55,Cayambe,Pichincha,B,6,1887.0,2015,4,18,2,Wednesday
1527253,1507651,2015-04-29,11,GROCERY II,1.0,0,,,,,,58.55,Cayambe,Pichincha,B,6,1887.0,2015,4,18,2,Wednesday
1527254,1507652,2015-04-29,11,HARDWARE,0.0,0,,,,,,58.55,Cayambe,Pichincha,B,6,1887.0,2015,4,18,2,Wednesday
1527255,1507653,2015-04-29,11,HOME AND KITCHEN I,35.0,0,,,,,,58.55,Cayambe,Pichincha,B,6,1887.0,2015,4,18,2,Wednesday
1527256,1507654,2015-04-29,11,HOME AND KITCHEN II,9.0,0,,,,,,58.55,Cayambe,Pichincha,B,6,1887.0,2015,4,18,2,Wednesday
1527257,1507655,2015-04-29,11,HOME APPLIANCES,0.0,0,,,,,,58.55,Cayambe,Pichincha,B,6,1887.0,2015,4,18,2,Wednesday
1527258,1507656,2015-04-29,11,HOME CARE,0.0,0,,,,,,58.55,Cayambe,Pichincha,B,6,1887.0,2015,4,18,2,Wednesday
1527259,1507657,2015-04-29,11,LADIESWEAR,0.0,0,,,,,,58.55,Cayambe,Pichincha,B,6,1887.0,2015,4,18,2,Wednesday
1527260,1507658,2015-04-29,11,LAWN AND GARDEN,0.0,0,,,,,,58.55,Cayambe,Pichincha,B,6,1887.0,2015,4,18,2,Wednesday
1527261,1507659,2015-04-29,11,LINGERIE,5.0,0,,,,,,58.55,Cayambe,Pichincha,B,6,1887.0,2015,4,18,2,Wednesday
1527262,1507660,2015-04-29,11,"LIQUOR,WINE,BEER",66.0,0,,,,,,58.55,Cayambe,Pichincha,B,6,1887.0,2015,4,18,2,Wednesday
1527263,1507661,2015-04-29,11,MAGAZINES,0.0,0,,,,,,58.55,Cayambe,Pichincha,B,6,1887.0,2015,4,18,2,Wednesday
1527264,1507662,2015-04-29,11,MEATS,493.971,0,,,,,,58.55,Cayambe,Pichincha,B,6,1887.0,2015,4,18,2,Wednesday
1527265,1507663,2015-04-29,11,PERSONAL CARE,256.0,1,,,,,,58.55,Cayambe,Pichincha,B,6,1887.0,2015,4,18,2,Wednesday
1527266,1507664,2015-04-29,11,PET SUPPLIES,0.0,0,,,,,,58.55,Cayambe,Pichincha,B,6,1887.0,2015,4,18,2,Wednesday
1527267,1507665,2015-04-29,11,PLAYERS AND ELECTRONICS,0.0,0,,,,,,58.55,Cayambe,Pichincha,B,6,1887.0,2015,4,18,2,Wednesday
1527268,1507666,2015-04-29,11,POULTRY,246.859,1,,,,,,58.55,Cayambe,Pichincha,B,6,1887.0,2015,4,18,2,Wednesday
1527269,1507667,2015-04-29,11,PREPARED FOODS,51.0,0,,,,,,58.55,Cayambe,Pichincha,B,6,1887.0,2015,4,18,2,Wednesday
1527270,1507668,2015-04-29,11,PRODUCE,0.0,0,,,,,,58.55,Cayambe,Pichincha,B,6,1887.0,2015,4,18,2,Wednesday
1527271,1507669,2015-04-29,11,SCHOOL AND OFFICE SUPPLIES,0.0,0,,,,,,58.55,Cayambe,Pichincha,B,6,1887.0,2015,4,18,2,Wednesday
1527272,1507670,2015-04-29,11,SEAFOOD,6.0,0,,,,,,58.55,Cayambe,Pichincha,B,6,1887.0,2015,4,18,2,Wednesday
1527273,1507671,2015-04-29,12,AUTOMOTIVE,0.0,0,,,,,,58.55,Latacunga,Cotopaxi,C,15,,2015,4,18,2,Wednesday
